{"cameraMode":{"drawMode":0,"name":"Shaded","section":"Shading Mode"},"sceneLighting":true,"audioPlay":false,"sceneViewState":{"showFog":true,"showMaterialUpdate":false,"showSkybox":true,"showFlares":true,"showImageEffects":true,"showParticleSystems":true},"in2DMode":false,"pivot":{"x":-0.11639956384897232,"y":0.002172939945012331,"z":0.005460113286972046},"rotation":{"x":0.00004049589188070968,"y":0.9999497532844544,"z":-0.008999793790280819,"w":0.004499922040849924},"size":0.30535417795181277,"orthographic":false}